1	Caresse	Jakucewicz	cjakucewicz0@stanford.edu	Female	98.200.84.255
2	Mina	Wiltshear	mwiltshear1@google.fr	Female	84.241.165.24
3	Staci	Havoc	shavoc2@utexas.edu	Polygender	224.170.36.227
4	Pauletta	Titchener	ptitchener3@gmpg.org	Female	94.130.175.165
5	Lorinda	McTrustie	lmctrustie4@adobe.com	Female	171.48.169.121
6	Kali	Padson	kpadson5@apache.org	Female	139.102.89.172
7	Maisie	Marlowe	mmarlowe6@nationalgeographic.com	Polygender	167.112.48.35
8	Trula	Eccles	teccles7@google.ca	Female	186.55.188.178
9	Else	Levet	elevet8@comsenz.com	Female	129.44.213.97
10	Gunilla	Morforth	gmorforth9@mashable.com	Female	71.10.208.166
11	Viola	Grealy	vgrealya@myspace.com	Female	150.103.16.193
12	Charlotte	Cleyburn	ccleyburnb@ibm.com	Female	49.242.47.46
13	Rodrick	Rossi	rrossic@over-blog.com	Male	154.119.155.18
14	Peder	Pemble	ppembled@unesco.org	Male	111.192.67.117
15	Byran	Charnick	bcharnicke@princeton.edu	Male	206.133.10.85
16	Gordon	Rimour	grimourf@purevolume.com	Male	216.12.114.116
17	Orazio	Anthonies	oanthoniesg@blogger.com	Male	100.163.170.24
18	Damita	Kupis	dkupish@ihg.com	Female	189.149.49.29
19	Rossie	Fairbrass	rfairbrassi@tripadvisor.com	Male	79.171.75.211
20	Hilly	Gillice	hgillicej@nyu.edu	Male	72.203.57.29
21	Susannah	Barrott	sbarrottk@biglobe.ne.jp	Female	21.148.159.82
22	Klarrisa	Follett	kfollettl@cmu.edu	Female	94.67.187.33
23	Inger	Decent	idecentm@opensource.org	Male	82.19.234.229
24	Raimondo	Assaf	rassafn@ezinearticles.com	Male	76.23.194.227
25	Etty	Verrell	everrello@unesco.org	Female	79.127.36.123
26	Nev	Trayton	ntraytonp@networksolutions.com	Male	18.64.11.77
27	Garrot	Erickson	gericksonq@geocities.jp	Male	45.95.89.12
28	Skell	Suddock	ssuddockr@myspace.com	Male	207.45.103.145
29	Rikki	Gainsburgh	rgainsburghs@google.com.br	Male	162.162.251.48
30	Ignaz	Gioani	igioanit@aboutads.info	Male	124.223.60.246
31	Skye	Letteresse	sletteresseu@t-online.de	Male	250.156.228.54
32	Morrie	Fenge	mfengev@ning.com	Agender	29.67.223.167
33	Del	Hounson	dhounsonw@parallels.com	Male	91.249.62.40
34	Demetris	Exer	dexerx@cmu.edu	Male	155.23.52.66
35	Thoma	Turbitt	tturbitty@lulu.com	Male	121.59.143.58
36	Tamma	Espinoy	tespinoyz@yolasite.com	Bigender	77.111.117.177
37	Ivie	Calladine	icalladine10@irs.gov	Female	38.84.204.28
38	Anett	Bryers	abryers11@umn.edu	Female	175.66.225.115
39	Pail	Fairpool	pfairpool12@fc2.com	Male	197.103.202.201
40	Helsa	Puden	hpuden13@cbslocal.com	Female	16.165.130.114
41	See	Yushankin	syushankin14@wordpress.org	Male	137.147.130.68
42	Heloise	Jackways	hjackways15@themeforest.net	Female	110.159.157.127
43	Shalom	Akred	sakred16@jimdo.com	Male	8.198.188.118
44	Lacee	Gillott	lgillott17@yellowpages.com	Female	92.210.157.136
45	Cindi	Skoof	cskoof18@dagondesign.com	Female	115.198.48.199
46	Cathie	Tebb	ctebb19@jalbum.net	Female	205.44.2.192
47	Gnni	Dibdin	gdibdin1a@imageshack.us	Female	186.93.161.150
48	Agathe	Bedder	abedder1b@bloglovin.com	Female	162.31.228.111
49	Kellen	Farr	kfarr1c@mozilla.org	Female	2.207.25.19
50	Ingar	Bramelt	ibramelt1d@state.tx.us	Male	134.189.225.96
51	Hyacintha	Norewood	hnorewood1e@alexa.com	Female	64.29.84.124
52	Ashby	Klemps	aklemps1f@uiuc.edu	Male	189.202.151.190
53	Franciska	Corbally	fcorbally1g@symantec.com	Female	44.209.120.219
54	Stoddard	Yankishin	syankishin1h@uiuc.edu	Female	67.216.231.113
55	Lynn	Tilford	ltilford1i@europa.eu	Female	175.247.95.201
56	Clarice	Vase	cvase1j@blogtalkradio.com	Female	17.20.68.199
57	Udall	Palfreman	upalfreman1k@globo.com	Male	255.67.208.132
58	Octavius	Gemnett	ogemnett1l@hugedomains.com	Male	73.108.71.142
59	Abran	Perdue	aperdue1m@wordpress.com	Male	110.219.147.118
60	Cyndia	Lennon	clennon1n@un.org	Female	210.137.175.75
61	Lenna	Chafney	lchafney1o@scientificamerican.com	Non-binary	34.13.109.80
62	Hedy	Ranyard	hranyard1p@mac.com	Female	139.154.211.112
63	Worden	Bonifacio	wbonifacio1q@apache.org	Agender	149.152.13.173
64	Case	Lockney	clockney1r@altervista.org	Male	59.130.179.50
65	Cybil	Ashfold	cashfold1s@google.nl	Female	150.94.166.156
66	Moina	Shearstone	mshearstone1t@usda.gov	Female	154.26.241.161
67	Barbara-anne	Wolfit	bwolfit1u@salon.com	Female	193.80.159.102
68	Lib	Gatenby	lgatenby1v@dailymail.co.uk	Female	57.136.220.150
69	Keary	D'eathe	kdeathe1w@ning.com	Male	43.199.101.46
70	Alvy	Mosconi	amosconi1x@slashdot.org	Male	217.241.161.221
71	Adena	Cerro	acerro1y@reuters.com	Female	41.69.190.90
72	Ignacius	Favell	ifavell1z@google.com	Male	92.235.230.240
73	Ronny	O'Shevlan	roshevlan20@bloomberg.com	Female	23.60.192.148
74	Eduino	Gerardot	egerardot21@t.co	Male	226.116.241.220
75	Heath	Derr	hderr22@printfriendly.com	Male	186.120.154.139
76	Desmund	Conerding	dconerding23@cargocollective.com	Male	200.96.52.139
77	Rosemaria	Battill	rbattill24@mediafire.com	Female	14.80.90.187
78	Giuditta	MacGoun	gmacgoun25@hp.com	Female	74.189.114.238
79	Jobie	Carvil	jcarvil26@wordpress.com	Female	117.229.3.141
80	Brigitte	Ducket	bducket27@nasa.gov	Female	121.167.156.244
81	Avictor	Stairs	astairs28@stumbleupon.com	Male	196.92.128.210
82	Anson	Greendale	agreendale29@photobucket.com	Male	207.29.204.115
83	Hadleigh	Rennison	hrennison2a@google.pl	Male	53.133.37.49
84	Petey	Manicomb	pmanicomb2b@yellowpages.com	Male	59.45.98.144
85	Lidia	Brummitt	lbrummitt2c@edublogs.org	Female	16.13.89.125
86	Arlinda	Dudman	adudman2d@cpanel.net	Female	209.116.99.98
87	Maxie	Yansons	myansons2e@wikia.com	Male	139.69.207.216
88	Rosa	Larrie	rlarrie2f@linkedin.com	Polygender	80.190.49.226
89	Tera	Martinetto	tmartinetto2g@whitehouse.gov	Female	23.66.73.99
90	Kelsi	Giacaponi	kgiacaponi2h@cpanel.net	Female	21.13.60.198
91	Kori	Fullilove	kfullilove2i@rediff.com	Female	209.3.25.106
92	Aaron	Knibbs	aknibbs2j@tamu.edu	Male	24.226.109.49
93	Aube	Karpfen	akarpfen2k@creativecommons.org	Polygender	35.107.35.137
94	Elora	Skitterel	eskitterel2l@google.com	Female	220.18.149.69
95	Marinna	Couser	mcouser2m@buzzfeed.com	Genderqueer	72.48.237.30
96	Eada	Kopecka	ekopecka2n@google.ru	Female	72.46.201.130
97	Fania	Piell	fpiell2o@wikia.com	Female	244.247.21.64
98	Heath	Cowtherd	hcowtherd2p@cafepress.com	Polygender	66.175.7.185
99	Patin	Scobbie	pscobbie2q@newyorker.com	Polygender	213.152.190.88
100	Leodora	Rubenchik	lrubenchik2r@boston.com	Female	182.28.157.41
101	Clifford	Scimonelli	cscimonelli2s@google.fr	Male	184.85.222.27
102	Sigmund	Weatherhill	sweatherhill2t@flickr.com	Male	134.138.129.170
103	Nester	Goudie	ngoudie2u@istockphoto.com	Male	105.101.86.143
104	Aryn	Jeens	ajeens2v@mysql.com	Female	217.184.153.20
105	Hodge	Conyard	hconyard2w@boston.com	Male	122.53.233.200
106	Persis	Tillman	ptillman2x@skype.com	Female	72.223.236.233
107	Justen	Hillitt	jhillitt2y@domainmarket.com	Genderqueer	242.95.66.208
108	Alina	Stockney	astockney2z@de.vu	Agender	244.158.151.243
109	Harris	Domenico	hdomenico30@google.com.br	Male	59.59.89.18
110	Michael	Bassil	mbassil31@ifeng.com	Male	16.218.240.166
111	Dillie	Andryunin	dandryunin32@cdbaby.com	Male	127.53.103.30
112	Tessy	Lawrence	tlawrence33@gov.uk	Female	79.124.45.105
113	Sutton	O'Hdirscoll	sohdirscoll34@deliciousdays.com	Male	52.143.104.244
114	Brandy	Collopy	bcollopy35@google.co.jp	Male	156.46.235.211
115	Paige	Loody	ploody36@unesco.org	Female	181.61.128.74
116	Margaret	Hayto	mhayto37@umich.edu	Female	236.154.4.100
117	Jennine	Crack	jcrack38@icq.com	Female	12.186.111.85
118	Erinna	Hugonet	ehugonet39@ocn.ne.jp	Female	195.177.107.193
119	Bank	Myhill	bmyhill3a@nymag.com	Male	10.63.27.74
120	Cherish	Grise	cgrise3b@xrea.com	Female	131.213.79.129
121	Nonah	Winsper	nwinsper3c@github.io	Female	102.67.174.73
122	Ev	Nester	enester3d@wisc.edu	Male	43.1.82.209
123	Ogden	Gianiello	ogianiello3e@yahoo.com	Male	126.74.253.170
124	Jemimah	Hunnawill	jhunnawill3f@techcrunch.com	Genderfluid	116.63.8.52
125	Dickie	Huckell	dhuckell3g@businessinsider.com	Male	8.242.22.9
126	Marwin	Cockill	mcockill3h@bandcamp.com	Male	200.75.206.238
127	Nappy	Trittam	ntrittam3i@phpbb.com	Male	244.69.42.173
128	Jillana	Folli	jfolli3j@wsj.com	Female	94.22.60.125
129	Walton	Yanin	wyanin3k@blogspot.com	Male	103.151.219.194
130	Nada	Sperski	nsperski3l@jigsy.com	Female	95.169.110.160
131	Emerson	Hurlston	ehurlston3m@networksolutions.com	Polygender	158.81.228.76
132	Misti	O'Neary	moneary3n@canalblog.com	Female	255.121.9.87
133	Sonnie	Addis	saddis3o@e-recht24.de	Male	238.150.182.90
134	Yoshiko	Devons	ydevons3p@friendfeed.com	Female	240.112.119.103
135	Laureen	Goggey	lgoggey3q@google.com.br	Female	9.221.103.149
136	Tann	Aguilar	taguilar3r@economist.com	Male	157.62.10.151
137	Frayda	Wolfers	fwolfers3s@odnoklassniki.ru	Female	253.68.92.84
138	Bobbye	Asquith	basquith3t@bandcamp.com	Female	237.147.0.58
139	Floyd	Jerrams	fjerrams3u@google.es	Male	8.204.84.9
140	Addie	Works	aworks3v@yale.edu	Male	42.31.203.58
141	Elvina	Olivas	eolivas3w@gov.uk	Female	119.66.67.176
142	Barnabe	Thirtle	bthirtle3x@marketwatch.com	Male	246.20.141.14
143	Jeff	Maystone	jmaystone3y@hugedomains.com	Male	65.62.168.182
144	Jakob	Rubi	jrubi3z@hp.com	Male	65.163.55.211
145	Paddie	Dymidowicz	pdymidowicz40@de.vu	Male	20.20.241.152
146	Germaine	De Lascy	gdelascy41@mtv.com	Male	197.90.120.236
147	Armin	Mackrell	amackrell42@miitbeian.gov.cn	Male	221.201.71.174
148	Netti	Headech	nheadech43@comcast.net	Female	187.56.1.104
149	Muire	Scones	mscones44@newsvine.com	Female	226.133.243.48
150	Margette	Fowlds	mfowlds45@acquirethisname.com	Female	216.195.189.16
151	Bobbi	Masse	bmasse46@slate.com	Female	200.229.59.69
152	Johnnie	Dursley	jdursley47@gmpg.org	Male	244.182.3.102
153	Aeriel	Habercham	ahabercham48@sogou.com	Female	178.208.79.116
154	Teodoro	Waszczyk	twaszczyk49@taobao.com	Male	133.146.68.15
155	Sargent	Mattheis	smattheis4a@quantcast.com	Male	71.87.214.110
156	Oswald	Poyzer	opoyzer4b@taobao.com	Male	130.95.33.202
157	Rouvin	Braidon	rbraidon4c@unc.edu	Agender	136.190.227.151
158	Zorah	Bogart	zbogart4d@purevolume.com	Female	152.101.213.158
159	Mar	Merrilees	mmerrilees4e@alibaba.com	Male	63.180.101.160
160	Claudine	Larner	clarner4f@feedburner.com	Female	117.20.61.84
161	Dix	Hornig	dhornig4g@berkeley.edu	Agender	64.51.62.195
162	Merrielle	Bloggett	mbloggett4h@ucla.edu	Female	176.29.110.247
163	Mano	Tomkys	mtomkys4i@goo.ne.jp	Male	18.229.216.160
164	Goldi	Mazzei	gmazzei4j@moonfruit.com	Female	215.182.247.122
165	Ruttger	Niessen	rniessen4k@redcross.org	Male	37.217.166.176
166	Hermina	Thirlaway	hthirlaway4l@jimdo.com	Female	101.29.61.91
167	Benni	Droghan	bdroghan4m@ftc.gov	Female	53.115.105.162
168	Luca	Balffye	lbalffye4n@dropbox.com	Male	197.106.60.12
169	Petronilla	Sangwin	psangwin4o@bigcartel.com	Female	49.143.106.143
170	Berta	Smuth	bsmuth4p@google.ca	Female	179.42.229.107
171	Garey	Joscelyne	gjoscelyne4q@xing.com	Male	215.78.165.142
172	Earl	Hathway	ehathway4r@narod.ru	Male	104.52.232.140
173	Franni	Kibbye	fkibbye4s@quantcast.com	Female	105.239.67.203
174	Sisile	Muzzollo	smuzzollo4t@ow.ly	Female	206.169.136.123
175	Sky	Rains	srains4u@hao123.com	Male	4.41.185.215
176	My	Wardingley	mwardingley4v@admin.ch	Male	162.163.143.82
177	Rose	Skehan	rskehan4w@wikimedia.org	Female	174.184.181.191
178	Crichton	Harris	charris4x@bandcamp.com	Male	75.212.78.221
179	Odelinda	Newlove	onewlove4y@wsj.com	Female	192.105.30.25
180	Dallis	Schottli	dschottli4z@jimdo.com	Male	60.136.195.187
181	Grayce	Falck	gfalck50@desdev.cn	Female	14.37.190.165
182	Justino	Diplock	jdiplock51@earthlink.net	Male	210.203.240.45
183	Berne	Caillou	bcaillou52@nifty.com	Polygender	0.111.108.166
184	Nat	Jaycocks	njaycocks53@bizjournals.com	Male	15.16.100.216
185	Audra	Izon	aizon54@businessweek.com	Female	243.233.172.39
186	Eddie	Bowmen	ebowmen55@wordpress.org	Female	17.94.150.148
187	Norris	Sandall	nsandall56@blogs.com	Male	214.74.202.75
188	Thalia	Fabry	tfabry57@oracle.com	Female	176.140.106.131
189	Cody	Palk	cpalk58@plala.or.jp	Male	2.223.255.94
190	Kelby	Lethibridge	klethibridge59@arizona.edu	Male	190.58.180.66
191	Gael	Dofty	gdofty5a@bravesites.com	Agender	6.224.20.170
192	Emmie	Ellgood	eellgood5b@baidu.com	Female	43.118.88.193
193	Annabal	Gerrard	agerrard5c@xing.com	Female	137.194.109.1
194	Vinny	Ecclesall	vecclesall5d@shop-pro.jp	Female	179.49.186.45
195	Hazlett	Bhatia	hbhatia5e@ning.com	Male	79.44.202.13
196	Giffy	Lambird	glambird5f@php.net	Male	144.207.73.229
197	Paulie	Meaker	pmeaker5g@state.gov	Male	11.115.46.139
198	Orlando	Bugdall	obugdall5h@vk.com	Male	33.146.227.245
199	Selestina	Soppett	ssoppett5i@usnews.com	Female	237.239.138.145
200	Wallace	Wildes	wwildes5j@pinterest.com	Male	132.121.62.100
201	Liuka	Balderstone	lbalderstone5k@si.edu	Female	250.208.47.228
202	Manfred	Van Der Straaten	mvanderstraaten5l@cnet.com	Male	155.171.83.57
203	Frank	Guillou	fguillou5m@is.gd	Male	160.250.72.86
204	Ignaz	Galliver	igalliver5n@businessinsider.com	Polygender	193.136.4.140
205	Tarra	Jennins	tjennins5o@army.mil	Female	29.141.47.242
206	Helaina	Latimer	hlatimer5p@umn.edu	Non-binary	32.80.189.176
207	Chevalier	Griffe	cgriffe5q@discuz.net	Male	97.210.57.241
208	Inger	Tremellier	itremellier5r@state.gov	Female	52.190.181.106
209	David	Morden	dmorden5s@imgur.com	Male	54.47.125.229
210	Romy	Plesing	rplesing5t@aboutads.info	Female	133.236.29.213
211	Bibbie	Orneblow	borneblow5u@amazon.com	Female	179.68.1.219
212	Cordy	Weippert	cweippert5v@wired.com	Male	227.225.82.206
213	Theo	Twiddell	ttwiddell5w@disqus.com	Male	253.144.130.194
214	Marlyn	Chetwynd	mchetwynd5x@blogspot.com	Female	229.132.77.182
215	Gerrard	Kinny	gkinny5y@hexun.com	Male	153.1.117.176
216	Raviv	Alam	ralam5z@hostgator.com	Male	190.20.238.103
217	Catriona	Hedges	chedges60@google.pl	Female	82.186.183.88
218	Mikey	Riep	mriep61@scribd.com	Male	240.105.200.181
219	Rena	Pennacci	rpennacci62@pagesperso-orange.fr	Female	133.155.112.187
220	Rooney	Beeckx	rbeeckx63@yahoo.com	Male	196.166.229.152
221	Gualterio	Holgan	gholgan64@dedecms.com	Male	135.189.200.215
222	Brigid	Finlay	bfinlay65@deliciousdays.com	Polygender	40.99.142.231
223	Aland	Bagley	abagley66@state.gov	Male	204.7.16.75
224	Carissa	Pipes	cpipes67@drupal.org	Female	92.215.207.84
225	Karlis	Cleef	kcleef68@china.com.cn	Male	48.39.55.170
226	Eolande	Androletti	eandroletti69@drupal.org	Female	46.130.41.66
227	Karoly	Vaughn	kvaughn6a@springer.com	Male	44.22.204.74
228	Roi	Kunneke	rkunneke6b@t.co	Male	123.174.109.201
229	Angelia	Storrie	astorrie6c@buzzfeed.com	Female	25.115.46.173
230	Marga	Toombes	mtoombes6d@answers.com	Female	254.182.42.186
231	Patin	Eggle	peggle6e@latimes.com	Male	28.33.41.19
232	Dal	Arrundale	darrundale6f@hc360.com	Male	109.124.151.197
233	Gus	Ielden	gielden6g@prweb.com	Male	40.196.246.227
234	Noland	Benza	nbenza6h@bloomberg.com	Male	114.145.222.107
235	Sheena	Whittuck	swhittuck6i@booking.com	Female	90.187.82.127
236	Revkah	Duer	rduer6j@mapquest.com	Female	155.129.136.23
237	Berta	Blakeborough	bblakeborough6k@geocities.jp	Female	140.18.222.218
238	Abe	McGreay	amcgreay6l@china.com.cn	Male	223.120.234.100
239	Blanch	Apfler	bapfler6m@tiny.cc	Female	127.201.46.160
240	Giavani	Smye	gsmye6n@domainmarket.com	Male	168.186.184.231
241	Koenraad	Rainard	krainard6o@acquirethisname.com	Male	111.49.80.153
242	Ellary	Bawcock	ebawcock6p@surveymonkey.com	Male	59.110.37.244
243	Had	Pedican	hpedican6q@dailymotion.com	Male	232.165.181.183
244	Bessie	Henken	bhenken6r@geocities.com	Female	81.175.193.45
245	Mallory	Servis	mservis6s@storify.com	Male	111.142.72.250
246	Kaylil	Camber	kcamber6t@huffingtonpost.com	Non-binary	181.30.182.145
247	Christin	Deschelle	cdeschelle6u@state.tx.us	Female	185.194.190.22
248	Nevil	de Zamora	ndezamora6v@plala.or.jp	Male	20.158.233.92
249	Mohandis	Holtaway	mholtaway6w@clickbank.net	Male	101.252.139.242
250	Lorry	McGrory	lmcgrory6x@tamu.edu	Male	169.137.230.215
251	Eydie	Bonallick	ebonallick6y@blogs.com	Female	176.16.159.195
252	Tye	Wormleighton	twormleighton6z@sciencedaily.com	Male	16.58.183.148
253	Cherilynn	Harflete	charflete70@icio.us	Female	43.62.149.105
254	Antonin	Fogel	afogel71@gizmodo.com	Male	102.248.147.88
255	Avictor	Girton	agirton72@telegraph.co.uk	Male	223.9.246.242
256	Sophey	Sand	ssand73@usda.gov	Female	198.243.181.174
257	Basilius	Flanigan	bflanigan74@businessinsider.com	Male	131.145.254.109
258	Hodge	Corton	hcorton75@unc.edu	Male	50.158.124.110
259	Packston	Gateley	pgateley76@people.com.cn	Male	187.198.128.137
260	Franky	Reeday	freeday77@bravesites.com	Female	143.80.234.112
261	Timothea	O'Beirne	tobeirne78@photobucket.com	Agender	211.189.72.64
262	Nessie	Ludford	nludford79@tinyurl.com	Female	192.161.186.96
263	Penni	Paffley	ppaffley7a@ed.gov	Female	195.59.3.99
264	Colleen	Deakin	cdeakin7b@dailymotion.com	Female	141.64.222.49
265	Marcel	Renfrew	mrenfrew7c@angelfire.com	Male	8.228.153.36
266	Ruprecht	Giffard	rgiffard7d@delicious.com	Male	32.144.239.142
267	Bari	Braisher	bbraisher7e@va.gov	Female	191.169.108.150
268	Ruprecht	Budd	rbudd7f@si.edu	Male	79.160.139.244
269	Aubrey	Beach	abeach7g@ustream.tv	Male	184.220.141.174
270	Hughie	Ainge	hainge7h@oracle.com	Male	235.168.129.12
271	Dennie	Ewdale	dewdale7i@blog.com	Female	85.145.145.156
272	Fidelio	Sheepy	fsheepy7j@t-online.de	Male	31.236.200.21
273	Poppy	Alforde	palforde7k@cbsnews.com	Agender	114.193.91.70
274	Tomi	Scarr	tscarr7l@sohu.com	Female	137.4.30.101
275	Lissa	Weetch	lweetch7m@addtoany.com	Female	40.16.92.158
276	Taffy	Lethley	tlethley7n@ning.com	Female	121.59.181.241
277	Carlynn	Strowger	cstrowger7o@cnn.com	Genderfluid	188.22.136.95
278	Gilligan	Larchiere	glarchiere7p@feedburner.com	Bigender	102.16.201.35
279	Jo-ann	Matantsev	jmatantsev7q@deliciousdays.com	Polygender	158.47.147.167
280	Gifford	Rittmeyer	grittmeyer7r@ehow.com	Male	198.207.246.172
281	Kiel	Kernell	kkernell7s@blogspot.com	Non-binary	206.159.91.120
282	Pembroke	Ladds	pladds7t@ifeng.com	Male	127.177.141.28
283	Ian	Clewes	iclewes7u@icq.com	Male	99.35.95.112
284	Corinna	Gudge	cgudge7v@bbc.co.uk	Female	244.228.162.9
285	Pattie	Chieze	pchieze7w@geocities.com	Male	125.115.0.184
286	Sella	Thaxter	sthaxter7x@g.co	Female	86.182.16.108
287	Rawley	Shackleton	rshackleton7y@blogtalkradio.com	Male	41.32.115.124
288	Bernadina	Raithbie	braithbie7z@bluehost.com	Female	26.175.197.8
289	Hobey	Di Napoli	hdinapoli80@google.com.au	Male	105.84.39.250
290	Chastity	Jepperson	cjepperson81@quantcast.com	Female	130.82.157.160
291	Gram	O'Halloran	gohalloran82@whitehouse.gov	Genderqueer	182.32.182.211
292	Zita	Raulstone	zraulstone83@cdc.gov	Bigender	249.251.162.53
293	Hall	Muckleston	hmuckleston84@chron.com	Male	68.253.4.248
294	Merilyn	Veivers	mveivers85@accuweather.com	Female	250.54.142.89
295	Alphonse	Hickford	ahickford86@who.int	Male	237.253.42.19
296	Neddy	Dobrovsky	ndobrovsky87@acquirethisname.com	Male	38.78.24.149
297	Nerta	Middup	nmiddup88@nature.com	Bigender	219.149.218.25
298	Haslett	Vedeneev	hvedeneev89@cnbc.com	Male	151.15.96.147
299	Conney	Blaver	cblaver8a@alexa.com	Male	109.174.167.123
300	Nicola	Shoesmith	nshoesmith8b@yandex.ru	Female	227.81.170.121
301	Sauncho	Huxley	shuxley8c@bandcamp.com	Male	124.242.44.24
302	Waylin	Trenaman	wtrenaman8d@usatoday.com	Male	187.97.220.131
303	Melessa	Bartolomieu	mbartolomieu8e@cyberchimps.com	Non-binary	31.235.24.54
304	Wait	Grigori	wgrigori8f@ucoz.ru	Male	67.251.184.64
305	Zorana	Tame	ztame8g@kickstarter.com	Female	63.72.151.156
306	Odilia	Kiln	okiln8h@rambler.ru	Non-binary	74.194.126.68
307	Serge	Senior	ssenior8i@wix.com	Male	52.162.53.106
308	Murdoch	Surguine	msurguine8j@berkeley.edu	Bigender	247.95.49.197
309	Welsh	Jerzyk	wjerzyk8k@eventbrite.com	Male	131.141.13.242
310	Oliviero	Wilbud	owilbud8l@histats.com	Male	54.116.39.158
311	Adrian	Berndtssen	aberndtssen8m@altervista.org	Male	233.106.210.87
312	Raymond	Wapples	rwapples8n@youtu.be	Male	15.232.38.254
313	Kendricks	Conkling	kconkling8o@blinklist.com	Male	252.220.218.104
314	Pavia	Blick	pblick8p@bluehost.com	Female	72.86.206.81
315	Heidie	Waddingham	hwaddingham8q@dyndns.org	Female	223.252.145.45
316	Brinn	Moyne	bmoyne8r@hibu.com	Agender	151.29.188.184
317	Giuseppe	Adame	gadame8s@barnesandnoble.com	Male	59.182.134.240
318	Zahara	Denington	zdenington8t@ebay.co.uk	Female	89.134.164.53
319	Gan	Cogswell	gcogswell8u@cloudflare.com	Male	50.88.233.156
320	Lacie	Constantinou	lconstantinou8v@sciencedirect.com	Female	93.184.110.223
321	Marthena	Lescop	mlescop8w@yale.edu	Female	146.35.117.242
322	Janaya	Willeson	jwilleson8x@lulu.com	Female	61.141.119.207
323	Lisbeth	Liddall	lliddall8y@ycombinator.com	Female	151.50.135.74
324	Mortimer	Gresham	mgresham8z@i2i.jp	Male	143.98.88.119
325	Forester	Barrow	fbarrow90@nasa.gov	Male	12.206.95.30
326	Ladonna	Broster	lbroster91@ted.com	Female	249.250.122.104
327	Antonia	Raper	araper92@youtu.be	Female	98.7.52.170
328	Cherie	Gash	cgash93@booking.com	Bigender	38.122.230.141
329	Solly	Clemencet	sclemencet94@gnu.org	Male	87.247.136.197
330	Marijn	Kilbane	mkilbane95@businesswire.com	Male	227.204.32.116
331	Tabor	Bigg	tbigg96@mozilla.org	Male	69.198.94.155
332	Stephanie	Jorgesen	sjorgesen97@ocn.ne.jp	Female	183.9.66.214
333	Alaine	Buchan	abuchan98@yolasite.com	Female	93.8.129.62
334	Niccolo	Carthy	ncarthy99@shinystat.com	Bigender	227.18.215.121
335	Ram	Erridge	rerridge9a@sourceforge.net	Male	105.148.190.66
336	Oliver	Duding	oduding9b@comcast.net	Male	100.251.150.72
337	Trace	De Meyer	tdemeyer9c@thetimes.co.uk	Male	31.116.156.25
338	Christie	Bachs	cbachs9d@webnode.com	Male	232.97.208.230
339	Alastair	McTerrelly	amcterrelly9e@topsy.com	Genderfluid	37.123.236.190
340	Glenn	Mound	gmound9f@wp.com	Male	234.163.241.153
341	Melba	Culter	mculter9g@netscape.com	Female	113.56.192.28
342	Zachary	Crallan	zcrallan9h@ameblo.jp	Male	110.225.148.239
343	Lizabeth	Melladew	lmelladew9i@geocities.jp	Female	45.26.181.3
344	Ketti	Habbijam	khabbijam9j@forbes.com	Female	85.2.139.199
345	Lou	Thorne	lthorne9k@spotify.com	Female	233.33.231.108
346	Tate	Treadgold	ttreadgold9l@pbs.org	Male	222.161.218.21
347	Nikolia	Chaulk	nchaulk9m@washingtonpost.com	Agender	145.114.135.241
348	Holly	Carpenter	hcarpenter9n@uol.com.br	Male	129.113.72.12
349	Tabatha	Ledwich	tledwich9o@shop-pro.jp	Female	154.56.90.184
350	Fernando	Pryke	fpryke9p@hexun.com	Male	231.190.12.75
351	Juan	Hargitt	jhargitt9q@miibeian.gov.cn	Male	227.113.196.23
352	Raimund	Stegell	rstegell9r@pagesperso-orange.fr	Male	206.29.87.222
353	Robinson	Limmer	rlimmer9s@blog.com	Male	74.110.77.205
354	Idalia	Glaisner	iglaisner9t@ebay.com	Female	241.6.127.12
355	Cleveland	O'Kennedy	cokennedy9u@npr.org	Male	123.125.77.49
356	Whitby	Micah	wmicah9v@reverbnation.com	Male	49.41.173.12
357	Engracia	Everit	eeverit9w@1und1.de	Bigender	140.25.137.148
358	Thaine	Bonsale	tbonsale9x@gmpg.org	Male	45.165.113.172
359	Fielding	Dillinton	fdillinton9y@51.la	Male	19.65.68.167
360	Blane	Di Giacomettino	bdigiacomettino9z@vinaora.com	Male	233.174.121.31
361	Barty	Dict	bdicta0@cmu.edu	Male	242.76.17.171
362	Bennie	Biskup	bbiskupa1@unicef.org	Male	104.145.89.90
363	Noble	Braisted	nbraisteda2@tmall.com	Male	27.104.242.26
364	Kristyn	Corrado	kcorradoa3@cam.ac.uk	Female	131.36.26.140
365	Roldan	Polet	rpoleta4@sakura.ne.jp	Agender	7.50.96.10
366	Roderic	Dunston	rdunstona5@kickstarter.com	Male	24.232.13.47
367	Susanna	Conyers	sconyersa6@cafepress.com	Female	215.251.174.131
368	Sheryl	Siddaley	ssiddaleya7@webeden.co.uk	Polygender	109.195.19.188
369	Spike	Worrell	sworrella8@t.co	Male	233.37.5.56
370	Rinaldo	Ker	rkera9@sphinn.com	Male	129.112.31.187
371	Hayward	Van der Son	hvandersonaa@nps.gov	Male	239.105.12.65
372	Chrysa	Dugood	cdugoodab@hugedomains.com	Female	174.159.131.4
373	Inger	Howerd	ihowerdac@ucsd.edu	Genderfluid	128.193.49.25
374	Reeva	Delete	rdeletead@dedecms.com	Female	38.18.206.11
375	Chic	Mulvihill	cmulvihillae@nasa.gov	Male	154.130.166.157
376	Verne	Guidone	vguidoneaf@sitemeter.com	Male	65.88.252.73
377	Jeffie	Duxbury	jduxburyag@boston.com	Male	116.252.112.80
378	Tamar	Whiskin	twhiskinah@51.la	Female	89.48.239.72
379	Kelly	Blandford	kblandfordai@scribd.com	Male	236.167.238.233
380	Cullan	Beilby	cbeilbyaj@diigo.com	Male	61.235.255.68
381	Donnie	Gogerty	dgogertyak@surveymonkey.com	Male	234.245.14.137
382	Brinna	Nash	bnashal@digg.com	Female	62.89.147.216
383	Lanny	Culligan	lculliganam@fc2.com	Male	190.246.187.215
384	Sherie	Snaddon	ssnaddonan@godaddy.com	Female	174.132.79.201
385	Lotta	Cudde	lcuddeao@so-net.ne.jp	Female	92.140.160.80
386	Ruben	Jellard	rjellardap@posterous.com	Male	17.122.112.57
387	Bruce	Mecozzi	bmecozziaq@indiegogo.com	Male	76.156.252.196
388	Ulrick	Sherman	ushermanar@sakura.ne.jp	Male	44.188.209.239
389	Eduard	Darque	edarqueas@ca.gov	Male	78.130.183.195
390	Tessa	Balentyne	tbalentyneat@wordpress.org	Female	228.62.45.43
391	Roddie	Peeters	rpeetersau@hostgator.com	Male	151.36.192.238
392	Lodovico	Bennallck	lbennallckav@cocolog-nifty.com	Male	30.114.131.237
393	Gonzalo	Dowdell	gdowdellaw@latimes.com	Male	158.14.123.233
394	Rozelle	Littley	rlittleyax@imdb.com	Female	242.110.56.169
395	Lyn	Digginson	ldigginsonay@wufoo.com	Male	57.121.167.7
396	Marita	Darragh	mdarraghaz@dyndns.org	Genderfluid	180.59.53.43
397	Amy	Banke	abankeb0@flavors.me	Female	150.99.66.217
398	Loren	Dancey	ldanceyb1@amazon.co.jp	Male	57.243.53.188
399	Micky	Boyes	mboyesb2@chicagotribune.com	Male	28.79.33.232
400	Natty	Blyth	nblythb3@icio.us	Female	200.76.102.132
401	Janeen	Shorthill	jshorthillb4@apple.com	Female	79.211.52.119
402	Essy	Qualtro	equaltrob5@dion.ne.jp	Female	9.237.247.178
403	Teodoor	Febvre	tfebvreb6@facebook.com	Male	11.211.138.137
404	Pavlov	Tidbold	ptidboldb7@ft.com	Male	193.148.115.38
405	Carmelia	Gove	cgoveb8@over-blog.com	Female	102.140.81.228
406	Mora	Hrinchenko	mhrinchenkob9@merriam-webster.com	Female	206.200.245.5
407	Ardath	Eberst	aeberstba@theatlantic.com	Female	129.1.34.214
408	Jonathan	Weben	jwebenbb@oaic.gov.au	Male	209.202.153.232
409	Vyky	Harradine	vharradinebc@walmart.com	Female	3.255.214.213
410	Stefania	Van der Veldt	svanderveldtbd@harvard.edu	Female	120.155.35.140
411	Shae	Gasker	sgaskerbe@baidu.com	Female	244.159.226.44
412	Angel	Mayhou	amayhoubf@princeton.edu	Male	162.5.87.77
413	Cointon	Arthur	carthurbg@jigsy.com	Male	133.188.218.226
414	Matilde	Fenelon	mfenelonbh@merriam-webster.com	Female	237.169.113.111
415	Debbi	McIlhone	dmcilhonebi@creativecommons.org	Female	188.35.145.156
416	Hazlett	Peverell	hpeverellbj@vkontakte.ru	Male	198.162.208.188
417	Gerrie	Hackin	ghackinbk@apple.com	Male	87.57.63.113
418	Cullin	Jex	cjexbl@dedecms.com	Male	118.22.204.157
419	Dante	Tarburn	dtarburnbm@vinaora.com	Male	127.37.115.206
420	Hube	D'Ambrosi	hdambrosibn@skyrock.com	Male	12.127.113.149
421	Mattheus	Sweatland	msweatlandbo@bloomberg.com	Male	224.211.248.60
422	Adiana	Hackelton	ahackeltonbp@dedecms.com	Female	207.145.91.94
423	Reynold	Yanov	ryanovbq@bigcartel.com	Male	191.223.206.142
424	Kipp	Thoma	kthomabr@pagesperso-orange.fr	Female	158.185.186.1
425	Joelynn	Rhead	jrheadbs@youku.com	Female	205.245.181.33
426	Sheeree	McCoy	smccoybt@csmonitor.com	Female	43.42.238.63
427	Yanaton	Bewlie	ybewliebu@geocities.com	Male	194.252.41.6
428	Bren	Bonsall	bbonsallbv@merriam-webster.com	Non-binary	115.196.229.238
429	Alphonse	Halliberton	ahallibertonbw@comsenz.com	Male	30.9.47.205
430	Alla	Rushbrook	arushbrookbx@fotki.com	Female	65.181.211.87
431	Tybi	De Cruz	tdecruzby@craigslist.org	Female	116.16.110.245
432	Manon	Hayne	mhaynebz@ifeng.com	Female	211.128.219.166
433	Peyter	Berger	pbergerc0@google.com	Male	152.170.215.225
434	Nolan	Weal	nwealc1@abc.net.au	Male	231.102.197.23
435	Haydon	Slot	hslotc2@nih.gov	Male	130.4.42.118
436	Duffie	Athridge	dathridgec3@samsung.com	Male	112.96.207.18
437	Atlanta	Antczak	aantczakc4@shutterfly.com	Female	6.223.223.63
438	Fran	Shilstone	fshilstonec5@creativecommons.org	Female	7.107.155.225
439	Ian	Norheny	inorhenyc6@baidu.com	Male	1.217.161.113
440	Abbey	Kase	akasec7@lycos.com	Female	248.88.152.16
441	Marjy	Trace	mtracec8@state.gov	Female	146.79.33.220
442	Donnamarie	Zollner	dzollnerc9@upenn.edu	Female	253.144.38.102
443	Cece	Lewisham	clewishamca@slideshare.net	Male	220.204.253.65
444	Jaymee	Minors	jminorscb@admin.ch	Female	241.66.0.156
445	Henderson	Castagnet	hcastagnetcc@vkontakte.ru	Bigender	237.68.95.175
446	Grantley	Culvey	gculveycd@google.es	Male	103.6.240.244
447	Theodore	Clutterbuck	tclutterbuckce@feedburner.com	Male	149.121.188.33
448	Ammamaria	Gummie	agummiecf@taobao.com	Genderfluid	209.232.67.131
449	Ayn	Gallardo	agallardocg@pinterest.com	Polygender	14.200.11.44
450	Ettie	Yesson	eyessonch@moonfruit.com	Female	54.225.41.14
451	Ephrayim	Bedder	ebedderci@netlog.com	Non-binary	111.162.128.144
452	Iormina	Berrygun	iberryguncj@prlog.org	Female	236.54.228.49
453	Merry	Tessier	mtessierck@ebay.co.uk	Male	237.175.208.38
454	Olvan	Braybrooke	obraybrookecl@seattletimes.com	Male	44.128.30.208
455	Geraldine	Martineau	gmartineaucm@noaa.gov	Female	49.211.250.67
456	Karna	Hallbird	khallbirdcn@flavors.me	Agender	97.193.126.126
457	Algernon	McSaul	amcsaulco@dropbox.com	Male	34.208.117.194
458	Barbey	Mobley	bmobleycp@constantcontact.com	Female	241.83.136.252
459	Cesar	Mattek	cmattekcq@ifeng.com	Male	89.150.196.254
460	Kora	Tanzer	ktanzercr@delicious.com	Female	91.255.252.23
461	Karil	Jardine	kjardinecs@usda.gov	Female	76.13.108.193
462	Lennie	Basek	lbasekct@mayoclinic.com	Male	254.244.236.110
463	Juan	Whitfeld	jwhitfeldcu@techcrunch.com	Male	75.72.153.173
464	Cyndi	Millhill	cmillhillcv@etsy.com	Female	170.216.207.0
465	Alberto	Schuricke	aschurickecw@squidoo.com	Agender	222.9.217.14
466	Even	Brisset	ebrissetcx@statcounter.com	Male	1.32.108.4
467	Norbie	Sanz	nsanzcy@alexa.com	Male	38.119.247.161
468	Sasha	Skaif	sskaifcz@newyorker.com	Male	8.86.209.87
469	Findley	Bradtke	fbradtked0@fema.gov	Male	188.41.176.104
470	Dimitri	Lantiffe	dlantiffed1@twitpic.com	Male	29.66.162.3
471	Baillie	Prugel	bprugeld2@soundcloud.com	Male	90.222.173.226
472	Barbie	Spaven	bspavend3@fastcompany.com	Female	107.120.111.45
473	Kettie	Elletson	kelletsond4@mediafire.com	Female	212.193.250.229
474	Jase	Farmiloe	jfarmiloed5@devhub.com	Male	48.134.229.189
475	Broderic	Hagart	bhagartd6@oakley.com	Male	129.185.156.63
476	Randie	Stichall	rstichalld7@unicef.org	Male	106.180.244.152
477	Bronson	Argontt	bargonttd8@ox.ac.uk	Bigender	45.217.118.155
478	Blondell	Farragher	bfarragherd9@howstuffworks.com	Female	138.58.65.209
479	Chandra	Macenzy	cmacenzyda@huffingtonpost.com	Female	158.81.228.225
480	Lauren	Fitchet	lfitchetdb@skyrock.com	Polygender	57.9.47.220
481	Clare	Byneth	cbynethdc@phpbb.com	Female	194.230.154.96
482	Erinna	Skeleton	eskeletondd@umich.edu	Female	180.127.222.75
483	Saunderson	Angrove	sangrovede@arstechnica.com	Male	50.220.145.209
484	Pet	Fronzek	pfronzekdf@woothemes.com	Female	91.155.74.100
485	Willie	Goudy	wgoudydg@odnoklassniki.ru	Male	62.93.160.209
486	Prince	Marshall	pmarshalldh@shop-pro.jp	Male	26.152.60.252
487	Caritta	Fishleigh	cfishleighdi@bloomberg.com	Polygender	94.255.223.222
488	Catlin	Shotboult	cshotboultdj@lycos.com	Female	211.149.8.31
489	Gibb	Irnys	girnysdk@linkedin.com	Male	31.217.18.87
490	Cacilie	Rowdell	crowdelldl@posterous.com	Female	143.34.176.15
491	Marie	Drynan	mdrynandm@salon.com	Bigender	204.37.251.179
492	Con	Skea	cskeadn@a8.net	Male	63.189.52.7
493	Krystyna	Hartles	khartlesdo@mit.edu	Female	136.187.77.8
494	Damaris	Ebbins	debbinsdp@furl.net	Female	21.66.164.255
495	Anabal	Bignold	abignolddq@a8.net	Female	166.202.102.200
496	Griffith	Zohrer	gzohrerdr@slideshare.net	Male	37.226.54.70
497	Jordana	Laskey	jlaskeyds@whitehouse.gov	Female	60.0.177.154
498	Carmelle	Lount	clountdt@stanford.edu	Female	60.241.173.169
499	Dasie	Chaytor	dchaytordu@hhs.gov	Female	24.198.254.188
500	Gawen	Dibling	gdiblingdv@chronoengine.com	Male	5.254.66.31
501	Carroll	Durno	cdurnodw@freewebs.com	Female	175.40.131.133
502	Shani	Fothergill	sfothergilldx@twitpic.com	Female	183.166.157.158
503	Marybeth	de Banke	mdebankedy@php.net	Female	164.246.176.45
504	Dorie	Peachment	dpeachmentdz@comcast.net	Female	137.207.183.251
505	Susette	Berthelmot	sberthelmote0@hhs.gov	Female	50.71.92.231
506	Wendi	O'Coskerry	wocoskerrye1@dagondesign.com	Female	158.228.186.128
507	Mallory	Treven	mtrevene2@gravatar.com	Female	7.11.12.108
508	Gabbi	Darkins	gdarkinse3@google.ru	Female	55.66.245.114
509	Teressa	MacTrustie	tmactrustiee4@unicef.org	Female	2.212.90.198
510	Hart	Treby	htrebye5@paginegialle.it	Male	76.41.83.57
511	Gabriello	Sammars	gsammarse6@chron.com	Male	227.179.182.7
512	Yance	Dunridge	ydunridgee7@lycos.com	Male	124.240.49.201
513	Klarika	Grievson	kgrievsone8@comcast.net	Female	132.123.132.34
514	Simeon	Kidstone	skidstonee9@sfgate.com	Male	225.186.67.195
515	Norah	Bentall	nbentallea@europa.eu	Female	155.108.201.123
516	Casie	Ivakhno	civakhnoeb@ihg.com	Female	5.55.68.1
517	Jeffry	Shadbolt	jshadboltec@howstuffworks.com	Male	170.174.59.215
518	Curr	Basili	cbasilied@howstuffworks.com	Male	138.24.79.121
519	Annamarie	Dillingham	adillinghamee@desdev.cn	Female	166.132.105.102
520	Lorraine	Barnsley	lbarnsleyef@cpanel.net	Female	171.190.12.55
521	Jayne	McAllester	jmcallestereg@indiatimes.com	Female	195.234.29.54
522	Ken	Beagen	kbeageneh@sphinn.com	Male	137.70.209.97
523	Allison	Smidmoor	asmidmoorei@simplemachines.org	Female	64.242.78.127
524	Doyle	Trevains	dtrevainsej@vistaprint.com	Male	215.57.31.27
525	Ivy	Devonside	idevonsideek@buzzfeed.com	Female	114.82.180.94
526	Alaster	Antognetti	aantognettiel@wp.com	Male	234.46.14.54
527	Koressa	McCourtie	kmccourtieem@bigcartel.com	Female	124.228.129.239
528	Marne	Iacomi	miacomien@wikimedia.org	Female	120.124.70.165
529	Kennan	Jeenes	kjeeneseo@php.net	Male	131.251.255.53
530	Kincaid	Cloney	kcloneyep@tmall.com	Male	111.169.86.122
531	Nobie	Gotling	ngotlingeq@mashable.com	Polygender	168.0.212.201
532	Bennie	Smalls	bsmallser@omniture.com	Polygender	29.180.237.46
533	Verney	Argent	vargentes@soundcloud.com	Male	73.215.106.32
534	Theodore	McCathay	tmccathayet@sohu.com	Male	123.253.11.125
535	Chrissy	Franschini	cfranschinieu@bloomberg.com	Female	155.125.88.145
536	Allard	Phelipeaux	aphelipeauxev@goo.ne.jp	Genderfluid	183.28.121.221
537	Annamaria	Fraschetti	afraschettiew@woothemes.com	Female	98.33.13.248
538	Paulina	Menego	pmenegoex@mysql.com	Female	103.223.208.252
539	Reinaldo	Sylett	rsylettey@guardian.co.uk	Male	82.219.127.126
540	Nancie	Fiddler	nfiddlerez@mozilla.com	Polygender	219.81.253.14
541	Way	Foyster	wfoysterf0@globo.com	Male	237.136.186.110
542	Jannel	Crews	jcrewsf1@amazon.co.uk	Polygender	29.91.132.102
543	Greer	Murt	gmurtf2@netscape.com	Female	106.123.18.149
544	Ruthann	Finnimore	rfinnimoref3@github.io	Female	25.197.156.217
545	Blanca	Arundel	barundelf4@jiathis.com	Female	152.246.62.190
546	Rey	Ivantyev	rivantyevf5@discovery.com	Male	184.5.154.10
547	Far	Fabbri	ffabbrif6@cnet.com	Male	207.47.53.69
548	Kerrin	Alastair	kalastairf7@altervista.org	Female	211.80.185.224
549	Shae	Aggett	saggettf8@surveymonkey.com	Male	22.121.23.209
550	Gregorius	Tremonte	gtremontef9@indiatimes.com	Male	12.104.36.44
551	Griff	Merrell	gmerrellfa@facebook.com	Male	162.18.239.205
552	Rolland	Immins	rimminsfb@irs.gov	Male	110.176.81.187
553	Sabra	Bredbury	sbredburyfc@sciencedirect.com	Female	242.8.77.219
554	Adoree	Shurey	ashureyfd@sbwire.com	Female	215.28.135.137
555	Karrie	Colmore	kcolmorefe@squarespace.com	Female	235.72.196.86
556	Raviv	Chevolleau	rchevolleauff@edublogs.org	Male	180.102.32.208
557	Feodora	Brandom	fbrandomfg@xrea.com	Female	166.217.105.201
558	Cyril	Pelz	cpelzfh@seesaa.net	Male	196.48.153.70
559	Elbertina	Patnelli	epatnellifi@yandex.ru	Polygender	223.218.47.191
560	Nat	Plait	nplaitfj@myspace.com	Female	164.200.156.206
561	Kevina	Baudasso	kbaudassofk@census.gov	Female	61.127.67.59
562	Bryce	Sheere	bsheerefl@merriam-webster.com	Male	164.206.90.84
563	Morton	Ciccarelli	mciccarellifm@weather.com	Male	28.238.112.20
564	Olivette	Becke	obeckefn@zdnet.com	Female	25.168.123.164
565	Wyndham	Pote	wpotefo@examiner.com	Male	81.13.219.122
566	Sadie	Harrington	sharringtonfp@soup.io	Female	56.120.103.99
567	Clementine	Bilbrook	cbilbrookfq@baidu.com	Female	128.94.170.147
568	Reidar	Creenan	rcreenanfr@gravatar.com	Male	7.188.196.249
569	Cele	Breeder	cbreederfs@microsoft.com	Female	128.85.237.224
570	Timi	Crippin	tcrippinft@foxnews.com	Female	112.138.12.91
571	Marchelle	McGoldrick	mmcgoldrickfu@sbwire.com	Female	48.153.255.214
572	Bennett	Riby	bribyfv@theatlantic.com	Male	230.171.249.85
573	Genevra	Hannon	ghannonfw@npr.org	Female	171.178.116.113
574	Eleanore	Hobbert	ehobbertfx@studiopress.com	Female	112.32.1.170
575	Lambert	Orford	lorfordfy@zdnet.com	Male	110.94.203.86
576	Vania	Polleye	vpolleyefz@timesonline.co.uk	Female	27.43.248.114
577	Wat	Eldrid	weldridg0@themeforest.net	Male	29.124.231.119
578	Orazio	Haldon	ohaldong1@techcrunch.com	Male	74.30.105.129
579	Emelen	Hargrave	ehargraveg2@typepad.com	Male	158.254.171.25
580	Mohandas	Purple	mpurpleg3@vimeo.com	Male	23.226.190.24
581	Ellissa	Vaudre	evaudreg4@telegraph.co.uk	Genderfluid	239.138.25.184
582	Veriee	Alves	valvesg5@time.com	Female	73.161.169.128
583	Honor	Itzhaki	hitzhakig6@ft.com	Female	189.85.56.29
584	Quintana	Scothron	qscothrong7@vimeo.com	Female	216.252.25.68
585	Tammie	Hinckesman	thinckesmang8@amazon.com	Male	98.165.53.148
586	Geoff	Frome	gfromeg9@springer.com	Male	230.79.228.76
587	Ellissa	Goodson	egoodsonga@usgs.gov	Female	40.176.205.149
588	Ricca	Featherstone	rfeatherstonegb@technorati.com	Female	160.71.42.159
589	Miller	MacLachlan	mmaclachlangc@admin.ch	Male	92.81.219.10
590	Jorge	McIlwreath	jmcilwreathgd@shop-pro.jp	Non-binary	112.31.243.75
591	Richmound	Stych	rstychge@infoseek.co.jp	Male	108.212.229.87
592	Sindee	Bigglestone	sbigglestonegf@telegraph.co.uk	Female	174.218.81.206
593	Homer	Raisbeck	hraisbeckgg@prnewswire.com	Male	125.146.71.129
594	Gabie	Brownrigg	gbrownrigggh@w3.org	Male	244.95.91.236
595	Clement	Eyckel	ceyckelgi@statcounter.com	Male	50.123.217.82
596	Waverly	Bremond	wbremondgj@youku.com	Male	249.6.16.253
597	Mara	Willgrass	mwillgrassgk@scribd.com	Female	243.11.176.218
598	Carma	Burgon	cburgongl@artisteer.com	Female	83.213.233.110
599	Rennie	Alabone	ralabonegm@foxnews.com	Female	9.37.35.71
600	Sianna	Laden	sladengn@dion.ne.jp	Agender	154.127.167.58
601	Wendell	Malshinger	wmalshingergo@washingtonpost.com	Male	141.67.133.30
602	Toni	Heathorn	theathorngp@freewebs.com	Female	191.238.207.42
603	Lexi	Cleveley	lcleveleygq@spiegel.de	Non-binary	216.125.103.61
604	Euell	Krzyzowski	ekrzyzowskigr@google.cn	Male	0.173.128.160
605	Clarisse	O'Duilleain	coduilleaings@indiegogo.com	Female	169.166.115.140
606	Prue	Opdenorth	popdenorthgt@wordpress.org	Female	15.238.203.162
607	Josiah	Forber	jforbergu@jigsy.com	Male	206.7.7.145
608	Jonell	Bearfoot	jbearfootgv@simplemachines.org	Female	145.129.215.24
609	Alli	Corden	acordengw@usda.gov	Female	248.2.220.139
610	Helene	Galler	hgallergx@utexas.edu	Female	34.175.180.219
611	Egan	Kyd	ekydgy@sina.com.cn	Male	188.212.61.224
612	Mallory	Petr	mpetrgz@businesswire.com	Female	64.74.141.148
613	Issy	Burder	iburderh0@arizona.edu	Agender	167.187.113.55
614	Emmi	Hitchens	ehitchensh1@cisco.com	Female	243.196.24.244
615	Holli	Hamnett	hhamnetth2@omniture.com	Female	142.108.166.254
616	Aleta	Davidovici	adavidovicih3@accuweather.com	Female	182.188.22.231
617	Filmer	Van der Kruys	fvanderkruysh4@examiner.com	Male	169.200.230.92
618	Jess	Cawood	jcawoodh5@bing.com	Male	121.120.0.86
619	Scarlet	McQuirter	smcquirterh6@howstuffworks.com	Genderfluid	161.211.21.119
620	Elmo	Morgue	emorgueh7@mediafire.com	Male	67.100.44.75
621	Ave	Sherwyn	asherwynh8@hao123.com	Male	242.152.177.190
622	Doralyn	Diamant	ddiamanth9@topsy.com	Female	26.24.213.87
623	Giselbert	Bloom	gbloomha@uiuc.edu	Male	226.56.49.215
624	Torey	Klinck	tklinckhb@china.com.cn	Female	114.112.135.8
625	Rhianon	Roach	rroachhc@google.pl	Female	24.105.46.16
626	King	Prestland	kprestlandhd@hc360.com	Male	201.238.73.25
627	Verena	Trowl	vtrowlhe@arstechnica.com	Female	135.193.173.95
628	Brien	MacAndreis	bmacandreishf@blogs.com	Polygender	239.98.183.11
629	Burl	Giorgio	bgiorgiohg@oaic.gov.au	Male	160.165.117.0
630	Winnie	Meech	wmeechhh@ihg.com	Female	64.201.8.106
631	Hasheem	Heggman	hheggmanhi@tuttocitta.it	Male	164.103.9.85
632	Joey	Wiltsher	jwiltsherhj@github.io	Female	87.146.241.197
633	Pincus	Linke	plinkehk@amazon.co.uk	Male	207.12.126.138
634	Sosanna	Brealey	sbrealeyhl@163.com	Female	120.151.144.33
635	Tully	Borham	tborhamhm@hud.gov	Male	133.228.196.246
636	Rockey	Ginnell	rginnellhn@mail.ru	Male	124.228.150.241
637	Stefania	Gromley	sgromleyho@biblegateway.com	Polygender	153.31.227.216
638	Margareta	Chatres	mchatreshp@amazonaws.com	Female	250.140.172.87
639	Walton	Mincher	wmincherhq@msu.edu	Male	143.155.151.201
640	Harriett	Peniman	hpenimanhr@over-blog.com	Female	34.16.202.224
641	Conway	Plows	cplowshs@ning.com	Agender	84.248.209.196
642	Dennis	Dreinan	ddreinanht@adobe.com	Male	36.227.115.216
643	Natassia	Pentecust	npentecusthu@xing.com	Female	205.161.165.49
644	Chaddy	Allsworth	callsworthhv@prlog.org	Male	226.6.36.168
645	Roby	Treadaway	rtreadawayhw@bravesites.com	Genderqueer	165.148.148.182
646	Antons	Cable	acablehx@youtube.com	Male	97.67.165.240
647	Hy	Beames	hbeameshy@discuz.net	Male	117.140.1.118
648	Sherri	Samuel	ssamuelhz@domainmarket.com	Female	202.125.49.154
649	Alyssa	Escritt	aescritti0@usnews.com	Female	87.118.107.23
650	Mignon	Jubb	mjubbi1@accuweather.com	Female	206.190.9.229
651	Edithe	Drew-Clifton	edrewcliftoni2@senate.gov	Female	190.228.156.209
652	Adlai	Renak	arenaki3@cdbaby.com	Male	51.86.71.217
653	Cherilyn	Ellsbury	cellsburyi4@techcrunch.com	Female	85.19.67.130
654	Buck	Coudray	bcoudrayi5@simplemachines.org	Male	121.128.65.240
655	Jerad	Durrell	jdurrelli6@ebay.co.uk	Male	133.22.125.113
656	Robinson	Burchard	rburchardi7@auda.org.au	Male	26.228.12.46
657	Cornell	Davie	cdaviei8@weibo.com	Male	146.133.140.129
658	Maximo	Haccleton	mhaccletoni9@de.vu	Male	32.236.64.151
659	Kerk	Olford	kolfordia@wordpress.com	Male	185.255.212.69
660	Uta	Cafferty	ucaffertyib@com.com	Female	232.123.173.62
661	Sibyl	Filippone	sfilipponeic@wunderground.com	Female	77.132.143.223
662	Waldon	Paice	wpaiceid@smh.com.au	Polygender	237.70.62.215
663	Kristoforo	Basile	kbasileie@java.com	Male	113.48.231.113
664	Fenelia	Oventon	foventonif@mapy.cz	Female	172.212.141.171
665	Beitris	Ortells	bortellsig@wix.com	Female	195.187.214.57
666	Demetre	Rault	draultih@mtv.com	Male	153.237.193.2
667	Cazzie	Antoszczyk	cantoszczykii@foxnews.com	Male	23.109.53.114
668	Olivero	Coite	ocoiteij@opera.com	Male	184.156.164.202
669	Welbie	Dillinger	wdillingerik@diigo.com	Bigender	69.11.110.157
670	Letitia	Dummett	ldummettil@blogtalkradio.com	Female	55.159.23.237
671	Johnathan	Palatini	jpalatiniim@shop-pro.jp	Male	46.129.228.67
672	Riva	Lackie	rlackiein@princeton.edu	Female	26.126.250.113
673	Avis	Jamary	ajamaryio@ebay.com	Female	248.204.190.22
674	Nat	Tripney	ntripneyip@godaddy.com	Male	151.255.97.61
675	Norrie	Canner	ncanneriq@jalbum.net	Male	185.222.101.112
676	Ignace	Scarr	iscarrir@youku.com	Bigender	192.240.104.234
677	Burty	Drakers	bdrakersis@vk.com	Male	21.87.226.144
678	Adeline	Nijssen	anijssenit@digg.com	Female	16.177.235.111
679	Orran	Notley	onotleyiu@princeton.edu	Male	132.251.159.127
680	Pru	Secrett	psecrettiv@typepad.com	Female	26.131.122.21
681	Cull	Frensche	cfrenscheiw@wikia.com	Male	133.251.251.241
682	Portie	Perrygo	pperrygoix@pen.io	Non-binary	144.182.10.192
683	Madison	Joicey	mjoiceyiy@fastcompany.com	Male	114.142.80.222
684	Kit	Droogan	kdrooganiz@wiley.com	Female	14.198.204.94
685	Luce	Wilks	lwilksj0@harvard.edu	Male	240.14.110.220
686	Hart	Goldston	hgoldstonj1@desdev.cn	Male	51.23.135.137
687	Quincy	Lantoph	qlantophj2@pinterest.com	Male	125.154.192.82
688	Bellina	Sibbald	bsibbaldj3@quantcast.com	Polygender	30.199.5.160
689	Cecilia	Perello	cperelloj4@ocn.ne.jp	Female	232.253.147.187
690	Laurene	Suscens	lsuscensj5@mit.edu	Female	167.34.1.1
691	Rogers	Tuffey	rtuffeyj6@gizmodo.com	Bigender	37.173.182.248
692	Nick	Gaunt	ngauntj7@tinyurl.com	Male	35.132.172.48
693	Laryssa	Consterdine	lconsterdinej8@forbes.com	Female	152.249.222.32
694	Kore	Tomisch	ktomischj9@redcross.org	Female	123.49.193.172
695	Henderson	Dolle	hdolleja@woothemes.com	Male	125.154.31.27
696	Claudetta	Dallender	cdallenderjb@boston.com	Female	80.187.243.62
697	Clarence	Quimby	cquimbyjc@cnbc.com	Male	63.125.1.78
698	Jolynn	Spatari	jspatarijd@flickr.com	Female	124.48.95.68
699	Elsa	Scole	escoleje@livejournal.com	Female	48.162.5.29
700	Elwin	Galle	egallejf@umn.edu	Male	173.78.237.34
701	Lennard	Halifax	lhalifaxjg@flavors.me	Male	189.65.90.184
702	Agatha	Hinz	ahinzjh@delicious.com	Female	224.214.92.191
703	Therine	Tomasello	ttomaselloji@sciencedirect.com	Female	150.231.245.11
704	Ansley	Ellard	aellardjj@tuttocitta.it	Agender	119.43.224.170
705	Ardeen	Rowling	arowlingjk@cisco.com	Female	92.80.124.106
706	Dania	Curteis	dcurteisjl@fda.gov	Female	216.168.47.35
707	Tabbatha	Rarity	trarityjm@walmart.com	Female	2.50.15.241
708	Even	Petto	epettojn@dropbox.com	Male	110.113.234.204
709	Renault	McCrystal	rmccrystaljo@alibaba.com	Genderfluid	23.78.146.120
710	Filmer	Iacobassi	fiacobassijp@i2i.jp	Male	23.45.218.125
711	Gib	Colleck	gcolleckjq@google.nl	Male	25.205.250.67
712	Alyce	Delf	adelfjr@washingtonpost.com	Female	125.167.245.54
713	Violette	Mantrip	vmantripjs@posterous.com	Female	123.31.21.4
714	Camala	Vasser	cvasserjt@google.fr	Bigender	255.217.78.206
715	Bianca	Kilfeather	bkilfeatherju@godaddy.com	Female	18.133.169.108
716	Patrica	Palay	ppalayjv@studiopress.com	Female	206.248.25.183
717	Boyce	Bonevant	bbonevantjw@goo.ne.jp	Male	118.235.66.64
718	Datha	Goodliffe	dgoodliffejx@google.it	Female	175.54.188.25
719	Flossi	McDuffie	fmcduffiejy@bluehost.com	Female	105.44.60.204
720	Adena	Hawkyens	ahawkyensjz@webeden.co.uk	Female	59.126.219.137
721	Daphna	Towriss	dtowrissk0@mayoclinic.com	Female	79.45.253.10
722	Karla	Butterworth	kbutterworthk1@archive.org	Female	183.34.52.55
723	Hakim	Tapping	htappingk2@mashable.com	Male	103.53.17.86
724	Mari	Tolotti	mtolottik3@cocolog-nifty.com	Female	116.253.16.197
725	Marney	Pollitt	mpollittk4@loc.gov	Female	191.40.193.30
726	Vikki	Southard	vsouthardk5@sbwire.com	Female	217.101.85.99
727	Roi	Tennock	rtennockk6@w3.org	Male	9.157.3.191
728	Beatrisa	Danilevich	bdanilevichk7@bluehost.com	Female	63.23.171.209
729	Brynn	Teliga	bteligak8@gmpg.org	Female	252.41.139.64
730	Dulsea	Idiens	didiensk9@amazon.co.jp	Female	146.42.81.122
731	Viki	Garnul	vgarnulka@4shared.com	Female	196.241.161.37
732	Harper	Okenden	hokendenkb@nih.gov	Male	53.22.29.188
733	Griffin	Kingswell	gkingswellkc@blogtalkradio.com	Male	32.26.66.130
734	Anders	Parradye	aparradyekd@slideshare.net	Male	82.190.203.175
735	Blinnie	Doughill	bdoughillke@blog.com	Female	219.35.161.237
736	Fletch	Pesterfield	fpesterfieldkf@cbsnews.com	Male	61.236.217.137
737	Remy	Scrivinor	rscrivinorkg@baidu.com	Female	34.226.149.175
738	Aldridge	Foulgham	afoulghamkh@dion.ne.jp	Male	210.137.39.148
739	Dewain	Oldfield	doldfieldki@prweb.com	Male	86.44.56.248
740	Kaiser	Pettis	kpettiskj@amazon.com	Male	89.110.153.206
741	Susann	Oppy	soppykk@reuters.com	Female	156.252.71.253
742	Tobiah	Proudley	tproudleykl@g.co	Male	114.196.233.206
743	Ina	Flowith	iflowithkm@google.com	Female	237.6.175.36
744	Arch	Monck	amonckkn@blog.com	Male	27.67.215.180
745	Jasper	Self	jselfko@scientificamerican.com	Male	241.122.219.99
746	Cooper	Vile	cvilekp@admin.ch	Male	19.120.7.109
747	Cleon	Breakey	cbreakeykq@moonfruit.com	Male	98.4.202.238
748	Papagena	Pitfield	ppitfieldkr@hugedomains.com	Female	67.250.246.78
749	Mei	McDuff	mmcduffks@feedburner.com	Female	243.29.33.154
750	Karylin	O' Markey	komarkeykt@technorati.com	Female	101.109.197.32
751	Nan	Mapletoft	nmapletoftku@fema.gov	Female	145.15.67.8
752	Enrique	Lots	elotskv@amazon.co.uk	Male	215.10.90.137
753	Haroun	MacBrearty	hmacbreartykw@pbs.org	Male	86.255.135.227
754	Leo	Paaso	lpaasokx@diigo.com	Male	174.7.125.241
755	Almeda	Sharvell	asharvellky@hostgator.com	Female	125.85.187.121
756	Karine	Custed	kcustedkz@archive.org	Female	252.23.132.69
757	Cherlyn	Teall	ctealll0@hao123.com	Genderqueer	81.106.183.65
758	Chelsey	Gudgion	cgudgionl1@seesaa.net	Female	131.82.45.177
759	Bob	Cajkler	bcajklerl2@webmd.com	Male	28.16.66.71
760	Agnes	Setford	asetfordl3@google.co.jp	Female	205.108.8.214
761	Morton	Barlas	mbarlasl4@jiathis.com	Male	14.219.206.180
762	Hoyt	Barkly	hbarklyl5@dailymail.co.uk	Male	247.148.213.239
763	Ashely	Burnyeat	aburnyeatl6@histats.com	Female	65.143.236.170
764	Dareen	Fike	dfikel7@nasa.gov	Female	208.109.144.8
765	Lib	Pyburn	lpyburnl8@w3.org	Polygender	25.27.67.193
766	Nikolaos	Cominello	ncominellol9@java.com	Male	15.158.189.221
767	Darin	Lineham	dlinehamla@wisc.edu	Male	151.12.180.25
768	Rafaello	Varvell	rvarvelllb@liveinternet.ru	Male	58.155.5.106
769	Tymon	Abramsky	tabramskylc@miibeian.gov.cn	Male	244.107.62.61
770	Chastity	Lomasna	clomasnald@cargocollective.com	Female	19.16.56.82
771	Rose	Trudgion	rtrudgionle@techcrunch.com	Non-binary	223.150.242.0
772	Berget	Gillivrie	bgillivrielf@csmonitor.com	Female	36.56.143.202
773	Nessie	Kivell	nkivelllg@youtube.com	Female	139.160.143.16
774	Kirby	Arent	karentlh@themeforest.net	Male	154.37.87.154
775	Bone	Eteen	beteenli@engadget.com	Male	234.48.221.113
776	Danella	Gloucester	dgloucesterlj@cargocollective.com	Female	44.204.69.17
777	Talbot	Dumbar	tdumbarlk@statcounter.com	Male	116.23.214.71
778	Seline	Lindwall	slindwallll@jimdo.com	Female	247.185.174.158
779	Serge	Artis	sartislm@princeton.edu	Male	143.84.117.31
780	Yul	Skeene	yskeeneln@hud.gov	Male	22.67.249.235
781	Harriet	Cunradi	hcunradilo@mozilla.org	Female	78.253.128.85
782	Jammal	Apdell	japdelllp@huffingtonpost.com	Male	10.187.110.57
783	Prue	Tunmore	ptunmorelq@gov.uk	Female	70.13.240.11
784	Axe	Hoffman	ahoffmanlr@tripadvisor.com	Male	52.186.108.168
785	Claudette	Worcs	cworcsls@aboutads.info	Female	123.70.211.143
786	Catlaina	Fippe	cfippelt@unicef.org	Genderfluid	229.65.96.44
787	Vincenz	Turfitt	vturfittlu@fema.gov	Male	88.212.68.137
788	Cathie	Simonard	csimonardlv@washingtonpost.com	Agender	220.252.239.175
789	Meir	O'Driscole	modriscolelw@tripod.com	Male	188.147.193.14
790	Maggi	Abrams	mabramslx@umn.edu	Female	209.209.120.211
791	Sarah	Scollan	sscollanly@bluehost.com	Female	101.127.151.22
792	Georgetta	Nuton	gnutonlz@pcworld.com	Female	4.108.122.74
793	Robinson	Noods	rnoodsm0@altervista.org	Male	177.73.219.238
794	Paulo	Langfield	plangfieldm1@usatoday.com	Male	68.24.72.190
795	Ferris	Godar	fgodarm2@deviantart.com	Male	62.101.49.85
796	Dominga	Haulkham	dhaulkhamm3@dailymail.co.uk	Female	230.214.9.167
797	Rosella	McCoveney	rmccoveneym4@nasa.gov	Female	110.46.51.209
798	Freemon	Lillo	flillom5@dmoz.org	Male	79.250.85.239
799	Findley	Delamaine	fdelamainem6@hao123.com	Male	151.39.110.1
800	Ardis	De Beneditti	adebenedittim7@europa.eu	Female	216.132.98.84
801	Putnam	Rawkesby	prawkesbym8@jalbum.net	Male	160.90.159.244
802	Dredi	Penritt	dpenrittm9@blogtalkradio.com	Agender	173.194.131.21
803	Noe	Boys	nboysma@t-online.de	Male	210.222.184.210
804	Roxine	Luxmoore	rluxmooremb@independent.co.uk	Female	103.189.10.217
805	Solly	Upton	suptonmc@ed.gov	Male	3.253.36.223
806	Dorie	Dominka	ddominkamd@seesaa.net	Bigender	75.211.113.53
807	Ignacius	Gilli	igillime@google.es	Male	223.33.134.111
808	Torrin	Bouchard	tbouchardmf@webs.com	Genderfluid	224.143.182.220
809	Lana	Morrow	lmorrowmg@ucsd.edu	Female	173.17.240.239
810	Christean	Guildford	cguildfordmh@google.pl	Female	152.182.48.115
811	Hermione	Vischi	hvischimi@feedburner.com	Polygender	85.8.156.224
812	Thaddus	Fowkes	tfowkesmj@trellian.com	Male	196.33.80.249
813	Barn	Kisby	bkisbymk@diigo.com	Male	202.251.119.174
814	Moises	Reason	mreasonml@cocolog-nifty.com	Male	203.29.213.23
815	Kerstin	Cawkill	kcawkillmm@alibaba.com	Female	244.98.119.213
816	Sherry	Bertlin	sbertlinmn@columbia.edu	Female	178.188.147.116
817	Zechariah	Folomin	zfolominmo@uol.com.br	Male	41.99.162.230
818	Wilhelmine	Franssen	wfranssenmp@desdev.cn	Female	52.116.107.19
819	Levi	Sutheran	lsutheranmq@angelfire.com	Male	69.54.111.17
820	Marv	Morewood	mmorewoodmr@tripod.com	Male	17.210.181.151
821	Tyrus	Murden	tmurdenms@virginia.edu	Male	86.180.212.103
822	Drusilla	Haseldine	dhaseldinemt@wp.com	Female	220.173.73.124
823	Michaeline	Tomkowicz	mtomkowiczmu@mediafire.com	Agender	212.150.70.41
824	Janetta	Salsberg	jsalsbergmv@deliciousdays.com	Female	218.49.146.81
825	Rurik	Margerrison	rmargerrisonmw@tiny.cc	Male	214.202.109.234
826	Barth	Jollands	bjollandsmx@macromedia.com	Male	38.100.37.16
827	Jules	Fairnington	jfairningtonmy@yandex.ru	Male	252.253.111.116
828	Rebbecca	McDarmid	rmcdarmidmz@huffingtonpost.com	Female	42.0.9.202
829	Lucila	Keywood	lkeywoodn0@bandcamp.com	Female	153.87.243.246
830	Orelia	Kineton	okinetonn1@salon.com	Female	104.43.107.124
831	Berrie	Totaro	btotaron2@prnewswire.com	Female	20.149.35.57
832	Tabitha	Trusler	ttruslern3@yahoo.co.jp	Female	98.213.68.254
833	Yvor	De Vere	ydeveren4@jigsy.com	Male	30.205.13.208
834	Sonny	Parsley	sparsleyn5@hugedomains.com	Male	6.28.161.85
835	Moore	Worgan	mworgann6@exblog.jp	Male	225.185.83.224
836	Alford	Oxborough	aoxboroughn7@upenn.edu	Male	180.79.31.203
837	Ashia	Gaskin	agaskinn8@ihg.com	Female	14.230.196.145
838	Rycca	Gerardi	rgerardin9@about.com	Female	11.245.47.152
839	Anderson	Berryman	aberrymanna@people.com.cn	Male	38.222.168.197
840	Keith	Moncrieffe	kmoncrieffenb@behance.net	Male	179.103.144.49
841	Adan	Philpots	aphilpotsnc@tinypic.com	Male	222.231.60.183
842	Grannie	Govan	ggovannd@seesaa.net	Male	205.82.87.31
843	Alicia	Flamank	aflamankne@squarespace.com	Female	27.189.71.137
844	Valdemar	Kenrat	vkenratnf@arstechnica.com	Male	11.149.223.169
845	Ermengarde	MacKeever	emackeeverng@java.com	Female	176.239.47.124
846	Ferd	Dickons	fdickonsnh@bloglines.com	Male	103.208.11.190
847	Alon	Sydry	asydryni@php.net	Male	20.222.240.88
848	Karly	O'Kenny	kokennynj@blogger.com	Genderfluid	118.151.208.25
849	Laina	Hackford	lhackfordnk@purevolume.com	Female	123.15.174.46
850	Elsey	Stobbs	estobbsnl@nbcnews.com	Female	121.10.150.104
851	Jaclyn	Phateplace	jphateplacenm@adobe.com	Female	19.204.112.61
852	Melitta	Crowth	mcrowthnn@mysql.com	Female	4.9.139.98
853	Davon	Keddey	dkeddeyno@homestead.com	Male	40.224.191.227
854	Branden	Simenet	bsimenetnp@hhs.gov	Male	5.75.130.197
855	Billie	Stuchbery	bstuchberynq@shinystat.com	Male	107.220.25.36
856	Fredric	Pryde	fprydenr@google.fr	Male	70.224.197.75
857	Gunilla	Willsmore	gwillsmorens@oaic.gov.au	Female	168.39.189.177
858	Stanfield	Medcraft	smedcraftnt@google.nl	Genderfluid	79.115.238.136
859	Roldan	Alison	ralisonnu@addthis.com	Male	175.160.86.196
860	Milissent	Fessions	mfessionsnv@bravesites.com	Female	21.39.177.123
861	Leslie	Pryell	lpryellnw@oracle.com	Female	14.13.81.109
862	Nichole	Gable	ngablenx@cargocollective.com	Male	191.63.201.78
863	Liz	Ransfield	lransfieldny@fda.gov	Female	171.75.53.213
864	Brianna	Broxholme	bbroxholmenz@eepurl.com	Female	47.47.19.247
865	Tessa	Malafe	tmalafeo0@g.co	Female	98.140.69.9
866	Lib	Grayshan	lgrayshano1@facebook.com	Female	105.4.194.233
867	Shirleen	Vasyutichev	svasyutichevo2@virginia.edu	Female	212.100.127.239
868	Agretha	Gomery	agomeryo3@irs.gov	Female	228.140.230.218
869	Millicent	Chaffe	mchaffeo4@tuttocitta.it	Female	238.183.121.27
870	Ebenezer	Christin	echristino5@naver.com	Male	5.205.176.199
871	Nelia	Faircley	nfaircleyo6@instagram.com	Female	144.127.91.23
872	Lynde	Lambell	llambello7@ow.ly	Female	51.252.89.173
873	Anabelle	De L'Isle	adelisleo8@smh.com.au	Female	60.133.71.224
874	Georgie	Brickdale	gbrickdaleo9@aol.com	Male	114.219.187.158
875	Aurie	Vasilik	avasilikoa@ca.gov	Female	53.46.88.164
876	Virge	Withrop	vwithropob@t.co	Male	153.148.114.73
877	Ossie	Hindes	ohindesoc@xinhuanet.com	Male	179.139.47.224
878	Woodman	Schofield	wschofieldod@list-manage.com	Male	33.234.229.85
879	Eal	Friatt	efriattoe@adobe.com	Male	60.243.186.2
880	Hilly	Eldrid	heldridof@paginegialle.it	Polygender	27.25.191.2
881	Bernhard	Yong	byongog@yandex.ru	Male	14.117.116.47
882	Pauletta	Cunningham	pcunninghamoh@ebay.com	Female	187.117.86.41
883	Aubry	Reihm	areihmoi@4shared.com	Genderqueer	234.24.106.91
884	Elisha	Aynscombe	eaynscombeoj@guardian.co.uk	Female	114.200.59.196
885	Fitzgerald	Simacek	fsimacekok@accuweather.com	Male	36.122.130.89
886	Marylee	Elcome	melcomeol@cdbaby.com	Female	116.176.244.53
887	Reyna	Grant	rgrantom@redcross.org	Female	216.46.74.15
888	Belita	Battle	bbattleon@about.me	Female	23.82.246.189
889	Bond	Borles	bborlesoo@spiegel.de	Male	94.14.105.124
890	Jareb	Haslehurst	jhaslehurstop@tripadvisor.com	Male	33.123.120.20
891	Constantin	Billyard	cbillyardoq@tiny.cc	Male	44.185.220.167
892	Yvon	Willavize	ywillavizeor@pcworld.com	Male	243.92.214.38
893	Rebbecca	Clingan	rclinganos@paginegialle.it	Female	172.184.68.155
894	Reece	Longina	rlonginaot@europa.eu	Male	8.234.223.91
895	Roland	Brattan	rbrattanou@cargocollective.com	Bigender	255.245.122.136
896	Barth	McAvin	bmcavinov@shop-pro.jp	Male	209.120.40.154
897	Benjie	Bycraft	bbycraftow@google.it	Male	150.204.13.175
898	Sherman	McLaughlin	smclaughlinox@smugmug.com	Male	194.169.35.237
899	Griffie	Sissons	gsissonsoy@army.mil	Male	227.78.198.246
900	Adelaida	McNeice	amcneiceoz@freewebs.com	Female	134.253.85.149
901	Winnie	Van den Oord	wvandenoordp0@forbes.com	Male	213.138.236.210
902	Sarina	Pach	spachp1@mozilla.com	Female	66.103.67.130
903	Ganny	Renehan	grenehanp2@amazon.co.jp	Male	35.76.231.214
904	Kaylyn	Phillis	kphillisp3@symantec.com	Female	227.12.159.216
905	Sybila	Millson	smillsonp4@oakley.com	Female	89.154.187.244
906	Eduino	Habergham	ehaberghamp5@icq.com	Male	145.230.255.244
907	Giulietta	Jollie	gjolliep6@buzzfeed.com	Female	42.36.82.152
908	Merrill	Ginn	mginnp7@surveymonkey.com	Female	183.18.61.60
909	Caresa	Kirkebye	ckirkebyep8@hibu.com	Female	69.0.156.64
910	Koralle	Feldheim	kfeldheimp9@hibu.com	Female	233.86.220.223
911	Port	Meece	pmeecepa@sun.com	Male	128.221.217.194
912	Vick	Roscam	vroscampb@meetup.com	Male	59.24.219.142
913	Tobit	Castelin	tcastelinpc@mashable.com	Male	87.57.237.59
914	Ortensia	Falconer-Taylor	ofalconertaylorpd@cnet.com	Female	229.242.253.99
915	Georgeta	Langdon	glangdonpe@ycombinator.com	Female	205.55.30.171
916	Mariam	Aplin	maplinpf@omniture.com	Female	228.34.57.187
917	Karoly	Erington	keringtonpg@homestead.com	Female	209.198.72.105
918	Terese	Wandless	twandlessph@i2i.jp	Female	95.81.115.156
919	Jean	Curwood	jcurwoodpi@tiny.cc	Male	41.198.69.228
920	Dodi	Argue	darguepj@parallels.com	Female	145.12.169.187
921	Emmaline	Cowey	ecoweypk@foxnews.com	Female	156.240.149.85
922	Tabby	Kee	tkeepl@csmonitor.com	Male	246.89.68.43
923	Trumann	Coundley	tcoundleypm@walmart.com	Male	123.131.6.190
924	Chevalier	Faucherand	cfaucherandpn@washingtonpost.com	Male	137.142.32.233
925	Raymond	Moine	rmoinepo@ebay.com	Male	62.174.0.54
926	Dotti	Harcourt	dharcourtpp@deliciousdays.com	Female	165.129.49.18
927	Niels	Franzettoini	nfranzettoinipq@exblog.jp	Male	77.38.31.227
928	Werner	MacGragh	wmacgraghpr@comcast.net	Male	86.106.127.198
929	Kev	Haythorne	khaythorneps@infoseek.co.jp	Male	43.14.195.108
930	Clementia	Prine	cprinept@skype.com	Agender	218.22.178.24
931	Paddie	Kabos	pkabospu@mit.edu	Male	176.229.242.225
932	Gwyn	Melonby	gmelonbypv@goo.ne.jp	Female	73.234.253.226
933	Joletta	Abrahamsson	jabrahamssonpw@europa.eu	Genderqueer	114.136.109.253
934	Pattin	O'Caine	pocainepx@pen.io	Male	16.246.91.132
935	Tracey	Attenbarrow	tattenbarrowpy@nydailynews.com	Female	91.30.139.238
936	Chere	Cheley	ccheleypz@elegantthemes.com	Female	217.89.95.166
937	Cammy	Mallen	cmallenq0@whitehouse.gov	Male	68.194.179.108
938	Otho	Tumilty	otumiltyq1@wikispaces.com	Male	233.217.187.50
939	Calhoun	Swindells	cswindellsq2@sciencedaily.com	Non-binary	241.84.2.198
940	Catherine	Whates	cwhatesq3@state.tx.us	Female	170.184.33.126
941	Cleve	Winsom	cwinsomq4@yandex.ru	Male	37.187.244.223
942	Ravid	Vedikhov	rvedikhovq5@tmall.com	Male	54.60.51.229
943	Nora	Sheran	nsheranq6@etsy.com	Polygender	62.167.196.75
944	Roderick	Grimsdyke	rgrimsdykeq7@state.tx.us	Male	212.79.201.118
945	Jaimie	O'Dowling	jodowlingq8@harvard.edu	Female	207.233.236.166
946	Bobette	Hefner	bhefnerq9@oaic.gov.au	Female	105.54.251.72
947	Rici	Bumpus	rbumpusqa@soup.io	Female	19.157.56.249
948	Giacomo	Hatherell	ghatherellqb@last.fm	Male	110.38.115.195
949	Dru	Brenston	dbrenstonqc@dedecms.com	Female	59.24.24.213
950	Florinda	Huban	fhubanqd@dmoz.org	Female	150.85.24.125
951	Blythe	Macci	bmacciqe@wunderground.com	Female	168.206.225.97
952	Alane	Pickburn	apickburnqf@amazon.de	Female	70.57.233.250
953	Isidora	oldey	ioldeyqg@ovh.net	Female	105.212.110.38
954	Krystyna	Highton	khightonqh@imdb.com	Female	137.213.171.76
955	Clo	Hehnke	chehnkeqi@dion.ne.jp	Female	31.77.53.38
956	Melli	Keighly	mkeighlyqj@fotki.com	Female	164.24.82.157
957	Sheila	Derisley	sderisleyqk@walmart.com	Female	16.38.241.227
958	Sterne	Coggings	scoggingsql@people.com.cn	Male	245.10.53.235
959	Nadiya	Tambling	ntamblingqm@domainmarket.com	Female	86.146.204.14
960	Freida	Waith	fwaithqn@prweb.com	Female	133.179.70.31
961	Thoma	Hicken	thickenqo@discovery.com	Male	200.67.250.115
962	Early	Robbel	erobbelqp@slate.com	Male	181.30.170.100
963	Kaila	Phillimore	kphillimoreqq@icio.us	Female	84.179.237.129
964	Shem	Glowacha	sglowachaqr@who.int	Male	195.200.142.236
965	Audrey	Momery	amomeryqs@npr.org	Female	150.146.238.12
966	Gavra	Paul	gpaulqt@utexas.edu	Female	9.195.184.170
967	Carly	MacDermand	cmacdermandqu@godaddy.com	Male	241.192.202.31
968	Timmy	Mathen	tmathenqv@i2i.jp	Male	49.216.7.115
969	Garv	Walaron	gwalaronqw@tripod.com	Male	51.3.143.80
970	Boot	Westnage	bwestnageqx@ihg.com	Male	249.253.212.22
971	Carry	Pasque	cpasqueqy@berkeley.edu	Female	17.168.223.74
972	Blakelee	Rubinek	brubinekqz@washington.edu	Female	155.59.50.171
973	Chelsey	Doorly	cdoorlyr0@behance.net	Female	104.43.156.23
974	Ailyn	Choudhury	achoudhuryr1@disqus.com	Female	38.137.185.194
975	Brita	Sheara	bshearar2@disqus.com	Female	221.215.236.160
976	Teodorico	Screwton	tscrewtonr3@narod.ru	Non-binary	3.163.16.241
977	Darnell	Bakey	dbakeyr4@mac.com	Male	39.139.151.185
978	Orland	Easum	oeasumr5@yellowpages.com	Male	152.161.95.118
979	Elyn	Keoghane	ekeoghaner6@goo.gl	Female	111.152.202.122
980	Micky	Aysh	mayshr7@yahoo.co.jp	Polygender	44.100.170.133
981	Trixi	Berry	tberryr8@ezinearticles.com	Female	18.188.150.220
982	Mort	Posthill	mposthillr9@livejournal.com	Male	124.82.80.87
983	Arlan	Stuehmeyer	astuehmeyerra@example.com	Male	174.105.139.43
984	Antonin	Pardey	apardeyrb@webnode.com	Male	195.113.214.55
985	Dimitry	O'Reilly	doreillyrc@who.int	Bigender	163.139.72.74
986	Malissia	Circuitt	mcircuittrd@bluehost.com	Female	30.186.248.22
987	Ethelind	Codd	ecoddre@techcrunch.com	Female	210.97.243.38
988	Ewart	Rockhall	erockhallrf@amazon.co.jp	Male	35.10.51.37
989	Armand	Ault	aaultrg@businessweek.com	Male	172.187.16.81
990	Anthony	Allworthy	aallworthyrh@weebly.com	Male	19.207.187.245
991	Sanson	Panchen	spanchenri@squidoo.com	Male	12.16.135.43
992	Bondon	Whiting	bwhitingrj@princeton.edu	Male	76.113.114.142
993	Ashton	Dusting	adustingrk@gmpg.org	Male	239.165.204.188
994	Giovanni	Mackiewicz	gmackiewiczrl@jigsy.com	Male	30.136.179.246
995	Leigh	Currier	lcurrierrm@google.com.br	Female	154.120.231.67
996	Graehme	Thay	gthayrn@europa.eu	Male	17.227.171.218
997	Alyce	Nodin	anodinro@parallels.com	Female	228.188.100.16
998	Shawna	Nuzzi	snuzzirp@i2i.jp	Female	61.69.194.11
999	Lonnard	Furmedge	lfurmedgerq@hexun.com	Agender	53.92.67.221
1000	Vachel	Twinborne	vtwinbornerr@amazon.co.uk	Male	200.121.153.194
